No.	Gene	GeneLen	QueryFile	Time(s)	Stauts	OutputDir
0	ASTEI07129-RA	1011	/home/wuyang/web-based_homologs_finder/100genes_benchmark/formal_test_1/Anopheles-stephensi-Indian_transcripts_AsteI2.3.fa-randomquery_0.fasta	1098.9604291915894	SUCCESS	/home/wuyang/web-based_homologs_finder/100genes_benchmark/formal_test_1/0
1	ASTEI05225-RA	672	/home/wuyang/web-based_homologs_finder/100genes_benchmark/formal_test_1/Anopheles-stephensi-Indian_transcripts_AsteI2.3.fa-randomquery_1.fasta	1969.1987829208374	SUCCESS	/home/wuyang/web-based_homologs_finder/100genes_benchmark/formal_test_1/1
2	ASTEI00328-RA	747	/home/wuyang/web-based_homologs_finder/100genes_benchmark/formal_test_1/Anopheles-stephensi-Indian_transcripts_AsteI2.3.fa-randomquery_2.fasta	548.8628776073456	FAILED	/home/wuyang/web-based_homologs_finder/100genes_benchmark/formal_test_1/2
3	ASTEI07829-RA	924	/home/wuyang/web-based_homologs_finder/100genes_benchmark/formal_test_1/Anopheles-stephensi-Indian_transcripts_AsteI2.3.fa-randomquery_3.fasta	978.7151396274567	FAILED	/home/wuyang/web-based_homologs_finder/100genes_benchmark/formal_test_1/3
4	ASTEI03332-RA	2214	/home/wuyang/web-based_homologs_finder/100genes_benchmark/formal_test_1/Anopheles-stephensi-Indian_transcripts_AsteI2.3.fa-randomquery_4.fasta	2872.1147544384003	SUCCESS	/home/wuyang/web-based_homologs_finder/100genes_benchmark/formal_test_1/4
5	ASTEI00019-RA	3549	/home/wuyang/web-based_homologs_finder/100genes_benchmark/formal_test_1/Anopheles-stephensi-Indian_transcripts_AsteI2.3.fa-randomquery_5.fasta	5305.721023797989	SUCCESS	/home/wuyang/web-based_homologs_finder/100genes_benchmark/formal_test_1/5
6	ASTEI07654-RA	1374	/home/wuyang/web-based_homologs_finder/100genes_benchmark/formal_test_1/Anopheles-stephensi-Indian_transcripts_AsteI2.3.fa-randomquery_6.fasta	3969.696154356003	SUCCESS	/home/wuyang/web-based_homologs_finder/100genes_benchmark/formal_test_1/6
7	ASTEI11819-RA	73	/home/wuyang/web-based_homologs_finder/100genes_benchmark/formal_test_1/Anopheles-stephensi-Indian_transcripts_AsteI2.3.fa-randomquery_7.fasta	248.95540952682495	FAILED	/home/wuyang/web-based_homologs_finder/100genes_benchmark/formal_test_1/7
8	ASTEI01541-RA	330	/home/wuyang/web-based_homologs_finder/100genes_benchmark/formal_test_1/Anopheles-stephensi-Indian_transcripts_AsteI2.3.fa-randomquery_8.fasta	1327.7976496219635	SUCCESS	/home/wuyang/web-based_homologs_finder/100genes_benchmark/formal_test_1/8
9	ASTEI07217-RA	897	/home/wuyang/web-based_homologs_finder/100genes_benchmark/formal_test_1/Anopheles-stephensi-Indian_transcripts_AsteI2.3.fa-randomquery_9.fasta	1420.8213367462158	SUCCESS	/home/wuyang/web-based_homologs_finder/100genes_benchmark/formal_test_1/9
10	ASTEI03999-RA	4428	/home/wuyang/web-based_homologs_finder/100genes_benchmark/formal_test_1/Anopheles-stephensi-Indian_transcripts_AsteI2.3.fa-randomquery_10.fasta	6560.692112445831	SUCCESS	/home/wuyang/web-based_homologs_finder/100genes_benchmark/formal_test_1/10
11	ASTEI06039-RA	2145	/home/wuyang/web-based_homologs_finder/100genes_benchmark/formal_test_1/Anopheles-stephensi-Indian_transcripts_AsteI2.3.fa-randomquery_11.fasta	4391.090759038925	SUCCESS	/home/wuyang/web-based_homologs_finder/100genes_benchmark/formal_test_1/11
12	ASTEI08270-RA	1081	/home/wuyang/web-based_homologs_finder/100genes_benchmark/formal_test_1/Anopheles-stephensi-Indian_transcripts_AsteI2.3.fa-randomquery_12.fasta	1668.8314204216003	SUCCESS	/home/wuyang/web-based_homologs_finder/100genes_benchmark/formal_test_1/12
13	ASTEI01350-RA	1512	/home/wuyang/web-based_homologs_finder/100genes_benchmark/formal_test_1/Anopheles-stephensi-Indian_transcripts_AsteI2.3.fa-randomquery_13.fasta	2600.880659341812	SUCCESS	/home/wuyang/web-based_homologs_finder/100genes_benchmark/formal_test_1/13
14	ASTEI09398-RA	459	/home/wuyang/web-based_homologs_finder/100genes_benchmark/formal_test_1/Anopheles-stephensi-Indian_transcripts_AsteI2.3.fa-randomquery_14.fasta	503.78368878364563	SUCCESS	/home/wuyang/web-based_homologs_finder/100genes_benchmark/formal_test_1/14
15	ASTEI00709-RA	1125	/home/wuyang/web-based_homologs_finder/100genes_benchmark/formal_test_1/Anopheles-stephensi-Indian_transcripts_AsteI2.3.fa-randomquery_15.fasta	1161.272034406662	SUCCESS	/home/wuyang/web-based_homologs_finder/100genes_benchmark/formal_test_1/15
16	ASTEI07342-RA	1023	/home/wuyang/web-based_homologs_finder/100genes_benchmark/formal_test_1/Anopheles-stephensi-Indian_transcripts_AsteI2.3.fa-randomquery_16.fasta	1768.7619500160217	SUCCESS	/home/wuyang/web-based_homologs_finder/100genes_benchmark/formal_test_1/16
17	ASTEI11564-RA	189	/home/wuyang/web-based_homologs_finder/100genes_benchmark/formal_test_1/Anopheles-stephensi-Indian_transcripts_AsteI2.3.fa-randomquery_17.fasta	553.73486161232	SUCCESS	/home/wuyang/web-based_homologs_finder/100genes_benchmark/formal_test_1/17
18	ASTEI01228-RA	4056	/home/wuyang/web-based_homologs_finder/100genes_benchmark/formal_test_1/Anopheles-stephensi-Indian_transcripts_AsteI2.3.fa-randomquery_18.fasta	3562.889694213867	SUCCESS	/home/wuyang/web-based_homologs_finder/100genes_benchmark/formal_test_1/18
19	ASTEI01536-RA	3981	/home/wuyang/web-based_homologs_finder/100genes_benchmark/formal_test_1/Anopheles-stephensi-Indian_transcripts_AsteI2.3.fa-randomquery_19.fasta	5359.022089958191	SUCCESS	/home/wuyang/web-based_homologs_finder/100genes_benchmark/formal_test_1/19
20	ASTEI09497-RA	2418	/home/wuyang/web-based_homologs_finder/100genes_benchmark/formal_test_1/Anopheles-stephensi-Indian_transcripts_AsteI2.3.fa-randomquery_20.fasta	3930.915422439575	SUCCESS	/home/wuyang/web-based_homologs_finder/100genes_benchmark/formal_test_1/20
21	ASTEI11352-RA	822	/home/wuyang/web-based_homologs_finder/100genes_benchmark/formal_test_1/Anopheles-stephensi-Indian_transcripts_AsteI2.3.fa-randomquery_21.fasta	1282.5961470603943	SUCCESS	/home/wuyang/web-based_homologs_finder/100genes_benchmark/formal_test_1/21
22	ASTEI08768-RA	1686	/home/wuyang/web-based_homologs_finder/100genes_benchmark/formal_test_1/Anopheles-stephensi-Indian_transcripts_AsteI2.3.fa-randomquery_22.fasta	1581.6483459472656	SUCCESS	/home/wuyang/web-based_homologs_finder/100genes_benchmark/formal_test_1/22
23	ASTEI00588-RA	2283	/home/wuyang/web-based_homologs_finder/100genes_benchmark/formal_test_1/Anopheles-stephensi-Indian_transcripts_AsteI2.3.fa-randomquery_23.fasta	3094.6178398132324	SUCCESS	/home/wuyang/web-based_homologs_finder/100genes_benchmark/formal_test_1/23
24	ASTEI03292-RA	6477	/home/wuyang/web-based_homologs_finder/100genes_benchmark/formal_test_1/Anopheles-stephensi-Indian_transcripts_AsteI2.3.fa-randomquery_24.fasta	6076.08504319191	SUCCESS	/home/wuyang/web-based_homologs_finder/100genes_benchmark/formal_test_1/24
25	ASTEI00163-RA	777	/home/wuyang/web-based_homologs_finder/100genes_benchmark/formal_test_1/Anopheles-stephensi-Indian_transcripts_AsteI2.3.fa-randomquery_25.fasta	1069.8788554668427	SUCCESS	/home/wuyang/web-based_homologs_finder/100genes_benchmark/formal_test_1/25
26	ASTEI09756-RA	528	/home/wuyang/web-based_homologs_finder/100genes_benchmark/formal_test_1/Anopheles-stephensi-Indian_transcripts_AsteI2.3.fa-randomquery_26.fasta	501.75975465774536	SUCCESS	/home/wuyang/web-based_homologs_finder/100genes_benchmark/formal_test_1/26
27	ASTEI00597-RA	3081	/home/wuyang/web-based_homologs_finder/100genes_benchmark/formal_test_1/Anopheles-stephensi-Indian_transcripts_AsteI2.3.fa-randomquery_27.fasta	2202.848722219467	FAILED	/home/wuyang/web-based_homologs_finder/100genes_benchmark/formal_test_1/27
28	ASTEI05016-RA	618	/home/wuyang/web-based_homologs_finder/100genes_benchmark/formal_test_1/Anopheles-stephensi-Indian_transcripts_AsteI2.3.fa-randomquery_28.fasta	1768.0747451782227	SUCCESS	/home/wuyang/web-based_homologs_finder/100genes_benchmark/formal_test_1/28
29	ASTEI11975-RA	73	/home/wuyang/web-based_homologs_finder/100genes_benchmark/formal_test_1/Anopheles-stephensi-Indian_transcripts_AsteI2.3.fa-randomquery_29.fasta	251.2139585018158	FAILED	/home/wuyang/web-based_homologs_finder/100genes_benchmark/formal_test_1/29
30	ASTEI08631-RA	468	/home/wuyang/web-based_homologs_finder/100genes_benchmark/formal_test_1/Anopheles-stephensi-Indian_transcripts_AsteI2.3.fa-randomquery_30.fasta	492.91118264198303	FAILED	/home/wuyang/web-based_homologs_finder/100genes_benchmark/formal_test_1/30
31	ASTEI10983-RA	324	/home/wuyang/web-based_homologs_finder/100genes_benchmark/formal_test_1/Anopheles-stephensi-Indian_transcripts_AsteI2.3.fa-randomquery_31.fasta	946.9868173599243	SUCCESS	/home/wuyang/web-based_homologs_finder/100genes_benchmark/formal_test_1/31
32	ASTEI07140-RA	10455	/home/wuyang/web-based_homologs_finder/100genes_benchmark/formal_test_1/Anopheles-stephensi-Indian_transcripts_AsteI2.3.fa-randomquery_32.fasta	10672.558881521225	SUCCESS	/home/wuyang/web-based_homologs_finder/100genes_benchmark/formal_test_1/32
33	ASTEI10402-RA	3333	/home/wuyang/web-based_homologs_finder/100genes_benchmark/formal_test_1/Anopheles-stephensi-Indian_transcripts_AsteI2.3.fa-randomquery_33.fasta	3048.6331129074097	SUCCESS	/home/wuyang/web-based_homologs_finder/100genes_benchmark/formal_test_1/33
34	ASTEI03832-RA	1041	/home/wuyang/web-based_homologs_finder/100genes_benchmark/formal_test_1/Anopheles-stephensi-Indian_transcripts_AsteI2.3.fa-randomquery_34.fasta	2983.7629132270813	SUCCESS	/home/wuyang/web-based_homologs_finder/100genes_benchmark/formal_test_1/34
35	ASTEI06322-RA	1569	/home/wuyang/web-based_homologs_finder/100genes_benchmark/formal_test_1/Anopheles-stephensi-Indian_transcripts_AsteI2.3.fa-randomquery_35.fasta	1339.4391493797302	SUCCESS	/home/wuyang/web-based_homologs_finder/100genes_benchmark/formal_test_1/35
36	ASTEI06669-RA	1224	/home/wuyang/web-based_homologs_finder/100genes_benchmark/formal_test_1/Anopheles-stephensi-Indian_transcripts_AsteI2.3.fa-randomquery_36.fasta	2523.34810423851	SUCCESS	/home/wuyang/web-based_homologs_finder/100genes_benchmark/formal_test_1/36
37	ASTEI05367-RA	975	/home/wuyang/web-based_homologs_finder/100genes_benchmark/formal_test_1/Anopheles-stephensi-Indian_transcripts_AsteI2.3.fa-randomquery_37.fasta	1062.8064849376678	SUCCESS	/home/wuyang/web-based_homologs_finder/100genes_benchmark/formal_test_1/37
38	ASTEI04882-RA	1596	/home/wuyang/web-based_homologs_finder/100genes_benchmark/formal_test_1/Anopheles-stephensi-Indian_transcripts_AsteI2.3.fa-randomquery_38.fasta	3748.314593076706	SUCCESS	/home/wuyang/web-based_homologs_finder/100genes_benchmark/formal_test_1/38
39	ASTEI09875-RA	315	/home/wuyang/web-based_homologs_finder/100genes_benchmark/formal_test_1/Anopheles-stephensi-Indian_transcripts_AsteI2.3.fa-randomquery_39.fasta	370.0207977294922	FAILED	/home/wuyang/web-based_homologs_finder/100genes_benchmark/formal_test_1/39
40	ASTEI06822-RA	864	/home/wuyang/web-based_homologs_finder/100genes_benchmark/formal_test_1/Anopheles-stephensi-Indian_transcripts_AsteI2.3.fa-randomquery_40.fasta	858.6288709640503	FAILED	/home/wuyang/web-based_homologs_finder/100genes_benchmark/formal_test_1/40
41	ASTEI03620-RA	2403	/home/wuyang/web-based_homologs_finder/100genes_benchmark/formal_test_1/Anopheles-stephensi-Indian_transcripts_AsteI2.3.fa-randomquery_41.fasta	5151.423429965973	SUCCESS	/home/wuyang/web-based_homologs_finder/100genes_benchmark/formal_test_1/41
42	ASTEI07645-RA	1983	/home/wuyang/web-based_homologs_finder/100genes_benchmark/formal_test_1/Anopheles-stephensi-Indian_transcripts_AsteI2.3.fa-randomquery_42.fasta	3900.4336173534393	SUCCESS	/home/wuyang/web-based_homologs_finder/100genes_benchmark/formal_test_1/42
43	ASTEI11586-RA	543	/home/wuyang/web-based_homologs_finder/100genes_benchmark/formal_test_1/Anopheles-stephensi-Indian_transcripts_AsteI2.3.fa-randomquery_43.fasta	497.930695772171	FAILED	/home/wuyang/web-based_homologs_finder/100genes_benchmark/formal_test_1/43
44	ASTEI07179-RA	1170	/home/wuyang/web-based_homologs_finder/100genes_benchmark/formal_test_1/Anopheles-stephensi-Indian_transcripts_AsteI2.3.fa-randomquery_44.fasta	1014.7124116420746	FAILED	/home/wuyang/web-based_homologs_finder/100genes_benchmark/formal_test_1/44
45	ASTEI00812-RA	1212	/home/wuyang/web-based_homologs_finder/100genes_benchmark/formal_test_1/Anopheles-stephensi-Indian_transcripts_AsteI2.3.fa-randomquery_45.fasta	1131.3424339294434	SUCCESS	/home/wuyang/web-based_homologs_finder/100genes_benchmark/formal_test_1/45
46	ASTEI09937-RA	2070	/home/wuyang/web-based_homologs_finder/100genes_benchmark/formal_test_1/Anopheles-stephensi-Indian_transcripts_AsteI2.3.fa-randomquery_46.fasta	1847.2241628170013	SUCCESS	/home/wuyang/web-based_homologs_finder/100genes_benchmark/formal_test_1/46
47	ASTEI01679-RA	1677	/home/wuyang/web-based_homologs_finder/100genes_benchmark/formal_test_1/Anopheles-stephensi-Indian_transcripts_AsteI2.3.fa-randomquery_47.fasta	1975.2655711174011	FAILED	/home/wuyang/web-based_homologs_finder/100genes_benchmark/formal_test_1/47
48	ASTEI09064-RA	919	/home/wuyang/web-based_homologs_finder/100genes_benchmark/formal_test_1/Anopheles-stephensi-Indian_transcripts_AsteI2.3.fa-randomquery_48.fasta	1685.642156124115	SUCCESS	/home/wuyang/web-based_homologs_finder/100genes_benchmark/formal_test_1/48
49	ASTEI09224-RA	1161	/home/wuyang/web-based_homologs_finder/100genes_benchmark/formal_test_1/Anopheles-stephensi-Indian_transcripts_AsteI2.3.fa-randomquery_49.fasta	1702.2666187286377	SUCCESS	/home/wuyang/web-based_homologs_finder/100genes_benchmark/formal_test_1/49
50	ASTEI08752-RA	582	/home/wuyang/web-based_homologs_finder/100genes_benchmark/formal_test_1/Anopheles-stephensi-Indian_transcripts_AsteI2.3.fa-randomquery_50.fasta	533.0308446884155	SUCCESS	/home/wuyang/web-based_homologs_finder/100genes_benchmark/formal_test_1/50
51	ASTEI07093-RA	393	/home/wuyang/web-based_homologs_finder/100genes_benchmark/formal_test_1/Anopheles-stephensi-Indian_transcripts_AsteI2.3.fa-randomquery_51.fasta	428.9144880771637	FAILED	/home/wuyang/web-based_homologs_finder/100genes_benchmark/formal_test_1/51
52	ASTEI11105-RA	1373	/home/wuyang/web-based_homologs_finder/100genes_benchmark/formal_test_1/Anopheles-stephensi-Indian_transcripts_AsteI2.3.fa-randomquery_52.fasta	1099.4388258457184	FAILED	/home/wuyang/web-based_homologs_finder/100genes_benchmark/formal_test_1/52
53	ASTEI12202-RA	71	/home/wuyang/web-based_homologs_finder/100genes_benchmark/formal_test_1/Anopheles-stephensi-Indian_transcripts_AsteI2.3.fa-randomquery_53.fasta	249.2510871887207	FAILED	/home/wuyang/web-based_homologs_finder/100genes_benchmark/formal_test_1/53
54	ASTEI00770-RA	837	/home/wuyang/web-based_homologs_finder/100genes_benchmark/formal_test_1/Anopheles-stephensi-Indian_transcripts_AsteI2.3.fa-randomquery_54.fasta	2108.5549414157867	SUCCESS	/home/wuyang/web-based_homologs_finder/100genes_benchmark/formal_test_1/54
55	ASTEI02054-RA	2451	/home/wuyang/web-based_homologs_finder/100genes_benchmark/formal_test_1/Anopheles-stephensi-Indian_transcripts_AsteI2.3.fa-randomquery_55.fasta	2975.28892493248	SUCCESS	/home/wuyang/web-based_homologs_finder/100genes_benchmark/formal_test_1/55
56	ASTEI05937-RA	1254	/home/wuyang/web-based_homologs_finder/100genes_benchmark/formal_test_1/Anopheles-stephensi-Indian_transcripts_AsteI2.3.fa-randomquery_56.fasta	1802.5372395515442	SUCCESS	/home/wuyang/web-based_homologs_finder/100genes_benchmark/formal_test_1/56
57	ASTEI01203-RA	1536	/home/wuyang/web-based_homologs_finder/100genes_benchmark/formal_test_1/Anopheles-stephensi-Indian_transcripts_AsteI2.3.fa-randomquery_57.fasta	1828.3382318019867	SUCCESS	/home/wuyang/web-based_homologs_finder/100genes_benchmark/formal_test_1/57
58	ASTEI06579-RA	1635	/home/wuyang/web-based_homologs_finder/100genes_benchmark/formal_test_1/Anopheles-stephensi-Indian_transcripts_AsteI2.3.fa-randomquery_58.fasta	2071.6909017562866	SUCCESS	/home/wuyang/web-based_homologs_finder/100genes_benchmark/formal_test_1/58
59	ASTEI01578-RA	3486	/home/wuyang/web-based_homologs_finder/100genes_benchmark/formal_test_1/Anopheles-stephensi-Indian_transcripts_AsteI2.3.fa-randomquery_59.fasta	4114.221436500549	SUCCESS	/home/wuyang/web-based_homologs_finder/100genes_benchmark/formal_test_1/59
60	ASTEI00301-RA	720	/home/wuyang/web-based_homologs_finder/100genes_benchmark/formal_test_1/Anopheles-stephensi-Indian_transcripts_AsteI2.3.fa-randomquery_60.fasta	1515.2588651180267	SUCCESS	/home/wuyang/web-based_homologs_finder/100genes_benchmark/formal_test_1/60
61	ASTEI05431-RA	257	/home/wuyang/web-based_homologs_finder/100genes_benchmark/formal_test_1/Anopheles-stephensi-Indian_transcripts_AsteI2.3.fa-randomquery_61.fasta	362.37357687950134	SUCCESS	/home/wuyang/web-based_homologs_finder/100genes_benchmark/formal_test_1/61
62	ASTEI05794-RA	2823	/home/wuyang/web-based_homologs_finder/100genes_benchmark/formal_test_1/Anopheles-stephensi-Indian_transcripts_AsteI2.3.fa-randomquery_62.fasta	3169.330130338669	SUCCESS	/home/wuyang/web-based_homologs_finder/100genes_benchmark/formal_test_1/62
63	ASTEI08002-RA	709	/home/wuyang/web-based_homologs_finder/100genes_benchmark/formal_test_1/Anopheles-stephensi-Indian_transcripts_AsteI2.3.fa-randomquery_63.fasta	1383.803828716278	SUCCESS	/home/wuyang/web-based_homologs_finder/100genes_benchmark/formal_test_1/63
64	ASTEI05289-RA	807	/home/wuyang/web-based_homologs_finder/100genes_benchmark/formal_test_1/Anopheles-stephensi-Indian_transcripts_AsteI2.3.fa-randomquery_64.fasta	859.0358557701111	FAILED	/home/wuyang/web-based_homologs_finder/100genes_benchmark/formal_test_1/64
65	ASTEI12179-RA	72	/home/wuyang/web-based_homologs_finder/100genes_benchmark/formal_test_1/Anopheles-stephensi-Indian_transcripts_AsteI2.3.fa-randomquery_65.fasta	252.35110425949097	FAILED	/home/wuyang/web-based_homologs_finder/100genes_benchmark/formal_test_1/65
66	ASTEI00815-RA	519	/home/wuyang/web-based_homologs_finder/100genes_benchmark/formal_test_1/Anopheles-stephensi-Indian_transcripts_AsteI2.3.fa-randomquery_66.fasta	991.5166919231415	SUCCESS	/home/wuyang/web-based_homologs_finder/100genes_benchmark/formal_test_1/66
67	ASTEI08093-RA	1482	/home/wuyang/web-based_homologs_finder/100genes_benchmark/formal_test_1/Anopheles-stephensi-Indian_transcripts_AsteI2.3.fa-randomquery_67.fasta	1224.099396944046	FAILED	/home/wuyang/web-based_homologs_finder/100genes_benchmark/formal_test_1/67
68	ASTEI01035-RA	2136	/home/wuyang/web-based_homologs_finder/100genes_benchmark/formal_test_1/Anopheles-stephensi-Indian_transcripts_AsteI2.3.fa-randomquery_68.fasta	2911.771260023117	SUCCESS	/home/wuyang/web-based_homologs_finder/100genes_benchmark/formal_test_1/68
69	ASTEI05150-RA	840	/home/wuyang/web-based_homologs_finder/100genes_benchmark/formal_test_1/Anopheles-stephensi-Indian_transcripts_AsteI2.3.fa-randomquery_69.fasta	1110.8921427726746	SUCCESS	/home/wuyang/web-based_homologs_finder/100genes_benchmark/formal_test_1/69
70	ASTEI06756-RA	2322	/home/wuyang/web-based_homologs_finder/100genes_benchmark/formal_test_1/Anopheles-stephensi-Indian_transcripts_AsteI2.3.fa-randomquery_70.fasta	2019.9951536655426	FAILED	/home/wuyang/web-based_homologs_finder/100genes_benchmark/formal_test_1/70
71	ASTEI04432-RA	963	/home/wuyang/web-based_homologs_finder/100genes_benchmark/formal_test_1/Anopheles-stephensi-Indian_transcripts_AsteI2.3.fa-randomquery_71.fasta	1076.9958052635193	SUCCESS	/home/wuyang/web-based_homologs_finder/100genes_benchmark/formal_test_1/71
72	ASTEI08401-RA	2250	/home/wuyang/web-based_homologs_finder/100genes_benchmark/formal_test_1/Anopheles-stephensi-Indian_transcripts_AsteI2.3.fa-randomquery_72.fasta	1793.3106560707092	SUCCESS	/home/wuyang/web-based_homologs_finder/100genes_benchmark/formal_test_1/72
73	ASTEI09267-RA	984	/home/wuyang/web-based_homologs_finder/100genes_benchmark/formal_test_1/Anopheles-stephensi-Indian_transcripts_AsteI2.3.fa-randomquery_73.fasta	1073.5501611232758	SUCCESS	/home/wuyang/web-based_homologs_finder/100genes_benchmark/formal_test_1/73
74	ASTEI03183-RA	1140	/home/wuyang/web-based_homologs_finder/100genes_benchmark/formal_test_1/Anopheles-stephensi-Indian_transcripts_AsteI2.3.fa-randomquery_74.fasta	1103.1962151527405	FAILED	/home/wuyang/web-based_homologs_finder/100genes_benchmark/formal_test_1/74
75	ASTEI06136-RA	1533	/home/wuyang/web-based_homologs_finder/100genes_benchmark/formal_test_1/Anopheles-stephensi-Indian_transcripts_AsteI2.3.fa-randomquery_75.fasta	2211.4607479572296	SUCCESS	/home/wuyang/web-based_homologs_finder/100genes_benchmark/formal_test_1/75
76	ASTEI07958-RA	7665	/home/wuyang/web-based_homologs_finder/100genes_benchmark/formal_test_1/Anopheles-stephensi-Indian_transcripts_AsteI2.3.fa-randomquery_76.fasta	6336.041224479675	SUCCESS	/home/wuyang/web-based_homologs_finder/100genes_benchmark/formal_test_1/76
77	ASTEI09105-RA	1248	/home/wuyang/web-based_homologs_finder/100genes_benchmark/formal_test_1/Anopheles-stephensi-Indian_transcripts_AsteI2.3.fa-randomquery_77.fasta	1157.126606464386	SUCCESS	/home/wuyang/web-based_homologs_finder/100genes_benchmark/formal_test_1/77
78	ASTEI09445-RA	513	/home/wuyang/web-based_homologs_finder/100genes_benchmark/formal_test_1/Anopheles-stephensi-Indian_transcripts_AsteI2.3.fa-randomquery_78.fasta	743.1326148509979	SUCCESS	/home/wuyang/web-based_homologs_finder/100genes_benchmark/formal_test_1/78
79	ASTEI11046-RA	327	/home/wuyang/web-based_homologs_finder/100genes_benchmark/formal_test_1/Anopheles-stephensi-Indian_transcripts_AsteI2.3.fa-randomquery_79.fasta	860.9892177581787	SUCCESS	/home/wuyang/web-based_homologs_finder/100genes_benchmark/formal_test_1/79
80	ASTEI05868-RA	888	/home/wuyang/web-based_homologs_finder/100genes_benchmark/formal_test_1/Anopheles-stephensi-Indian_transcripts_AsteI2.3.fa-randomquery_80.fasta	1573.7271356582642	SUCCESS	/home/wuyang/web-based_homologs_finder/100genes_benchmark/formal_test_1/80
81	ASTEI00759-RA	1275	/home/wuyang/web-based_homologs_finder/100genes_benchmark/formal_test_1/Anopheles-stephensi-Indian_transcripts_AsteI2.3.fa-randomquery_81.fasta	1344.1071712970734	SUCCESS	/home/wuyang/web-based_homologs_finder/100genes_benchmark/formal_test_1/81
82	ASTEI01097-RA	813	/home/wuyang/web-based_homologs_finder/100genes_benchmark/formal_test_1/Anopheles-stephensi-Indian_transcripts_AsteI2.3.fa-randomquery_82.fasta	982.1784265041351	SUCCESS	/home/wuyang/web-based_homologs_finder/100genes_benchmark/formal_test_1/82
83	ASTEI00596-RA	933	/home/wuyang/web-based_homologs_finder/100genes_benchmark/formal_test_1/Anopheles-stephensi-Indian_transcripts_AsteI2.3.fa-randomquery_83.fasta	978.7239453792572	FAILED	/home/wuyang/web-based_homologs_finder/100genes_benchmark/formal_test_1/83
84	ASTEI05489-RA	1839	/home/wuyang/web-based_homologs_finder/100genes_benchmark/formal_test_1/Anopheles-stephensi-Indian_transcripts_AsteI2.3.fa-randomquery_84.fasta	1695.11719083786	SUCCESS	/home/wuyang/web-based_homologs_finder/100genes_benchmark/formal_test_1/84
85	ASTEI09004-RA	597	/home/wuyang/web-based_homologs_finder/100genes_benchmark/formal_test_1/Anopheles-stephensi-Indian_transcripts_AsteI2.3.fa-randomquery_85.fasta	501.1054027080536	SUCCESS	/home/wuyang/web-based_homologs_finder/100genes_benchmark/formal_test_1/85
86	ASTEI08796-RA	1149	/home/wuyang/web-based_homologs_finder/100genes_benchmark/formal_test_1/Anopheles-stephensi-Indian_transcripts_AsteI2.3.fa-randomquery_86.fasta	1577.7776846885681	SUCCESS	/home/wuyang/web-based_homologs_finder/100genes_benchmark/formal_test_1/86
87	ASTEI10929-RA	807	/home/wuyang/web-based_homologs_finder/100genes_benchmark/formal_test_1/Anopheles-stephensi-Indian_transcripts_AsteI2.3.fa-randomquery_87.fasta	810.6229314804077	SUCCESS	/home/wuyang/web-based_homologs_finder/100genes_benchmark/formal_test_1/87
88	ASTEI04478-RA	1287	/home/wuyang/web-based_homologs_finder/100genes_benchmark/formal_test_1/Anopheles-stephensi-Indian_transcripts_AsteI2.3.fa-randomquery_88.fasta	2377.46036529541	SUCCESS	/home/wuyang/web-based_homologs_finder/100genes_benchmark/formal_test_1/88
89	ASTEI07803-RA	420	/home/wuyang/web-based_homologs_finder/100genes_benchmark/formal_test_1/Anopheles-stephensi-Indian_transcripts_AsteI2.3.fa-randomquery_89.fasta	492.0513970851898	FAILED	/home/wuyang/web-based_homologs_finder/100genes_benchmark/formal_test_1/89
90	ASTEI09010-RA	2592	/home/wuyang/web-based_homologs_finder/100genes_benchmark/formal_test_1/Anopheles-stephensi-Indian_transcripts_AsteI2.3.fa-randomquery_90.fasta	4005.854979991913	SUCCESS	/home/wuyang/web-based_homologs_finder/100genes_benchmark/formal_test_1/90
91	ASTEI04288-RA	1320	/home/wuyang/web-based_homologs_finder/100genes_benchmark/formal_test_1/Anopheles-stephensi-Indian_transcripts_AsteI2.3.fa-randomquery_91.fasta	1725.8023891448975	SUCCESS	/home/wuyang/web-based_homologs_finder/100genes_benchmark/formal_test_1/91
92	ASTEI04585-RA	834	/home/wuyang/web-based_homologs_finder/100genes_benchmark/formal_test_1/Anopheles-stephensi-Indian_transcripts_AsteI2.3.fa-randomquery_92.fasta	1465.837638616562	SUCCESS	/home/wuyang/web-based_homologs_finder/100genes_benchmark/formal_test_1/92
93	ASTEI03742-RA	996	/home/wuyang/web-based_homologs_finder/100genes_benchmark/formal_test_1/Anopheles-stephensi-Indian_transcripts_AsteI2.3.fa-randomquery_93.fasta	1231.2553720474243	SUCCESS	/home/wuyang/web-based_homologs_finder/100genes_benchmark/formal_test_1/93
94	ASTEI05697-RA	3597	/home/wuyang/web-based_homologs_finder/100genes_benchmark/formal_test_1/Anopheles-stephensi-Indian_transcripts_AsteI2.3.fa-randomquery_94.fasta	3793.3056395053864	SUCCESS	/home/wuyang/web-based_homologs_finder/100genes_benchmark/formal_test_1/94
95	ASTEI00909-RA	1290	/home/wuyang/web-based_homologs_finder/100genes_benchmark/formal_test_1/Anopheles-stephensi-Indian_transcripts_AsteI2.3.fa-randomquery_95.fasta	1491.4453585147858	SUCCESS	/home/wuyang/web-based_homologs_finder/100genes_benchmark/formal_test_1/95
96	ASTEI11130-RA	705	/home/wuyang/web-based_homologs_finder/100genes_benchmark/formal_test_1/Anopheles-stephensi-Indian_transcripts_AsteI2.3.fa-randomquery_96.fasta	1097.7128746509552	SUCCESS	/home/wuyang/web-based_homologs_finder/100genes_benchmark/formal_test_1/96
97	ASTEI12051-RA	194	/home/wuyang/web-based_homologs_finder/100genes_benchmark/formal_test_1/Anopheles-stephensi-Indian_transcripts_AsteI2.3.fa-randomquery_97.fasta	566.36669754982	SUCCESS	/home/wuyang/web-based_homologs_finder/100genes_benchmark/formal_test_1/97
98	ASTEI01661-RA	966	/home/wuyang/web-based_homologs_finder/100genes_benchmark/formal_test_1/Anopheles-stephensi-Indian_transcripts_AsteI2.3.fa-randomquery_98.fasta	1046.3533265590668	SUCCESS	/home/wuyang/web-based_homologs_finder/100genes_benchmark/formal_test_1/98
99	ASTEI03368-RA	727	/home/wuyang/web-based_homologs_finder/100genes_benchmark/formal_test_1/Anopheles-stephensi-Indian_transcripts_AsteI2.3.fa-randomquery_99.fasta	1672.790231704712	SUCCESS	/home/wuyang/web-based_homologs_finder/100genes_benchmark/formal_test_1/99
